id,name,begin_date_year,end_year_date,type
190523,Glenn Osser,1914,2014,Person
60904,De Nieuwe Snaar,1982,2014,Group
252203,Bosse Larsson,1934,2015,Person
995441,Elizabeth Wilson,1921,2015,Person
88626,Maxee,1969,2015,Person
478810,Odette Lara,1929,2015,Person
58382,Brian Gallagher,1963,2016,Person
623908,Werner Mayer,1939,2014,Person
259959,Walpurgisnacht,1996,2014,Group
246305,Mike Porcaro,1955,2015,Person
333678,Ray Still,1920,2014,Person
1010394,Beloyd Taylor,1952,2014,Person
814650,Manuel Molina,1948,2015,Person
55434,Twinkle,1948,2015,Person
391312,Al Berard,1960,2014,Person
723878,KAN,2010,2014,Group
146927,Jean Corti,1929,2015,Person
840037,Canserbero,1988,2015,Person
31073,Joe Dowell,1940,2016,Person
137686,Gayle McCormick,1948,2016,Person
694826,Mount Fabric,2007,2014,Group
96266,Polly Bergen,1930,2014,Person
583546,Stephen Paulus,1949,2014,Person
345287,Sten Bergman,1942,2015,Person
225053,Terveet K�det,1980,2016,Group
472421,John Everall,1962,2014,Person
76203,Terry Pratchett,1948,2015,Person
36795,Hopeton Lewis,1947,2014,Person
1235184,Cathedraal,2011,2014,Group
159764,Gian & Giovani,1988,2014,Group
720058,Harper Blynn,2010,2014,Group
310482,James Preiss,1941,2014,Person
1237966,Zlips,1986,2015,Group
240502,Riger,1996,2015,Group
411602,Destination's Calling,1999,2014,Group
34332,Papa Wemba,1949,2016,Person
858182,Chinx Drugz,1983,2015,Person
752097,Sheila Stewart,1937,2014,Person
260544,Bob Belden,1956,2015,Person
521087,Arkadius Raschka,1975,2015,Person
584609,Bruce Lundvall,1935,2015,Person
130649,Elbert West,1967,2015,Person
456156,Steven R. Gerber,1948,2015,Person
269420,Manolo De Vega,1942,2015,Person
159766,Rick & Renner,1987,2015,Group
211476,Jim McCann,1944,2015,Person
675927,Endovein,2004,2014,Group
726201,Last July,2008,2014,Group
1183050,Finalisten Juniorsongfestival 2014,2014,2014,Group
1235593,Alexandru & Friends,2014,2014,Group
1181163,Manfred Vosz,1935,2014,Person
253396,Oj_rs Gr_nbergs,1942,2016,Person
337365,Dale Griffin,1948,2016,Person
231993,What Made Milwaukee Famous,2002,2014,Group
236996,Ray Warleigh,1938,2015,Person
131482,Gravenhurst,1999,2014,Group
233662,Louis Jourdan,1921,2015,Person
94540,Loikaemie,1994,2014,Group
249988,Scott Clendenin,1968,2015,Person
255894,Rolf Smedvig,1952,2015,Person
50049,Agalloch,1995,2016,Group
45764,Jack Bruce,1943,2014,Person
386844,Arsonists Get All the Girls,2005,2015,Group
22598,Pino Daniele,1955,2015,Person
257575,Behind Crimson Eyes,2004,2014,Group
115757,Bleeding Through,1999,2014,Group
999741,Rose Windows,2010,2015,Group
604739,David Nathaniel Baker,1931,2016,Person
265013,Don Harron,1924,2015,Person
265015,Charlie Farquharson,1924,2015,Person
109554,Kill Hannah,1995,2015,Group
1172997,Capacities,2012,2014,Group
270659,Pandit Shankar Ghosh,1935,2016,Person
354057,Ross Hannaford,1950,2016,Person
342845,Jack Body,1944,2015,Person
97014,Riki Sorsa,1952,2016,Person
1022935,Rolf Boysen,1920,2014,Person
57090,Andr� Popp,1924,2014,Person
290448,King Hannibal,1939,2014,Person
289077,Luc De Vos,1962,2014,Person
360597,Maira Asare,1960,2015,Person
328224,Marcus Belgrave,1936,2015,Person
123881,Long John Hunter,1931,2016,Person
360924,Tim Drummond,1941,2015,Person
305547,Robert Jung,1935,2015,Person
308915,Moncho Alpuente,1949,2015,Person
309497,Stevie Woods,1951,2014,Person
310269,Maggie Boyle,1956,2014,Person
390137,LostAlone,2005,2014,Group
850989,"Willie ""Popsy"" Dixon",1942,2015,Person
308821,Cobra Starship,2005,2015,Group
101419,Monrad & Rislund,1977,2015,Group
314176,Steve Childers,1966,2016,Person
347934,Bluejuice,2001,2014,Group
1172179,Gerty Blacher-Herzog,1922,2014,Person
364247,Ronnie Ronalde,1923,2015,Person
641513,Wodensthrone,2005,2016,Group
1211441,Slim Richey,1938,2015,Person
753982,LIGHT BRINGER,2005,2014,Group
239041,Cauby Peixoto,1931,2016,Person
113492,Course of Ruin,2002,2015,Group
115946,Ronnie Gilbert,1926,2015,Person
48248,Erase Errata,1999,2015,Group
338106,Craig Gruber,1951,2015,Person
342102,Gerardo Reyes,1935,2015,Person
75555,H. Owen Reed,1910,2014,Person
836616,Cave Growl,2006,2014,Group
363202,Rick Rosas,1949,2014,Person
547910,Little Joe Washington,1939,2014,Person
540703,M_ris Villeru�s,1936,2014,Person
371264,Urbandub,2000,2015,Group
370498,Weldon Myrick,1938,2014,Person
36913,Gato Barbieri,1934,2016,Person
807548,Don Francks,1932,2016,Person
90939,Walter De Buck,1934,2014,Person
6580,Centro-Matic,1995,2014,Group
558577,Brown Bird,2003,2015,Group
359552,Lasse M�rtenson,1934,2016,Person
389825,Paul Craft,1938,2014,Person
395069,Sylvia Anderson,1927,2016,Person
399331,Stan Kelly,1929,2014,Person
426750,John Gustafson,1942,2014,Person
404292,Jon Bunch,1970,2016,Person
59198,Unheilig,1999,2016,Group
30541,Brita Koivunen,1931,2014,Person
407119,Irreversible,2005,2015,Group
407304,Ton Hartsuiker,1933,2015,Person
408078,Chris Hardman,1990,2015,Person
421786,Rex Ray,1956,2015,Person
58463,Peter Sculthorpe,1929,2014,Person
1172527,XOX,2013,2014,Group
126544,Stevie Wright,1947,2015,Person
1118102,Infiltraitor,2013,2014,Group
417256,The Black Hollies,2005,2014,Group
420241,Wayne Bickerton,1941,2015,Person
849907,Grown Below,2011,2015,Group
203915,Franzl Lang,1930,2015,Person
421416,Achim Mentzel,1946,2016,Person
421381,Alfred Prinz,1930,2014,Person
610709,G�rard Kawczynski,1946,2014,Person
1002318,Redway,1989,2015,Person
173651,Pink Anvil,2001,2015,Group
5187,John Holt,1947,2014,Person
434747,Colin Faver,1951,2015,Person
435314,Benea Reach,2003,2014,Group
2173,Joe Cocker,1944,2014,Person
297175,Beny Rehmann,1936,2014,Person
462086,John Fry,1944,2014,Person
147648,Manolo Tena,1951,2016,Person
451525,Ronald Stevenson,1928,2015,Person
35797,John Trudell,1946,2015,Person
230752,Ambros Seelos,1935,2015,Person
200098,Carina Jaarnek,1962,2016,Person
414913,Giorgio Gomelsky,1934,2016,Person
470029,Helcio Milito,1931,2014,Person
470069,Eric Doney,1953,2015,Person
784269,Hostage Calm,2007,2015,Group
473478,Jack Six,1930,2015,Person
152051,Smokey Johnson,1936,2015,Person
340621,Klaxons,2005,2015,Group
416486,Howard Cable,1920,2016,Person
483909,Eric A. Tomlinson,1931,2015,Person
117109,Rickey Smith,1979,2016,Person
489942,Elisa Pegreffi,1922,2016,Person
491349,Bobby Schmidt,1923,2014,Person
491363,Ren� Burri,1933,2014,Person
495126,Supershirt,2006,2015,Group
493633,Wolfgang Lendle,1948,2016,Person
494083,Sergio Vitier,1948,2016,Person
34849,The Black League,1998,2014,Group
158397,Ronnie Carroll,1934,2015,Person
1183831,Vincent Caza,1976,2014,Person
350553,Leopoldo Federico,1927,2014,Person
1091747,Claude Frank,1925,2014,Person
381638,Danity Kane,2006,2014,Group
539185,David Trendell,1964,2014,Person
509305,Ren� Ang�lil,1942,2016,Person
22146,Gianmaria Testa,1958,2016,Person
245686,Colin Vearncombe,1962,2016,Person
436067,Flora MacNeil,1928,2015,Person
53755,Kevin Sharp,1970,2014,Person
420384,Jack Ely,1943,2015,Person
1183923,the LEM,2010,2014,Group
149957,Margie Day,1926,2014,Person
522891,Coleridge Goode,1914,2015,Person
471388,Ervin Drake,1919,2015,Person
529215,Richard Nichols,1959,2014,Person
46042,Ramona Jones,1924,2015,Person
532926,Anita Darian,1927,2015,Person
437673,Steve Backer,1942,2014,Person
992368,Irene Dalis,1925,2014,Person
355898,Michael Brown,1949,2015,Person
724812,Kassidy,2009,2014,Group
749054,Carlo Mastrangelo,1938,2016,Person
506947,Buddy Buie,1941,2015,Person
547785,Roger Pomphrey,1954,2014,Person
548651,Simona Weiss,1963,2015,Person
755396,Sna-fu Grand D�sordre Ochestre,2000,2014,Group
556082,All the Empires of the World,2007,2015,Group
558946,Jacques Mahieux,1946,2016,Person
383195,Cubie Burke,1964,2014,Person
21340,Lonnie Mack,1941,2016,Person
608519,Al Belletto,1928,2014,Person
322797,Foxy Shazam,2004,2014,Group
582930,Million Dollar Reload,2005,2015,Group
584729,Toma� Lorenz,1944,2016,Person
223425,Terry Wogan,1938,2016,Person
581855,Inezita Barroso,1925,2015,Person
585421,Friedel von Hagen,1954,2015,Person
346415,Eddie Hardin,1949,2015,Person
1002463,John-Edward Kelly,1958,2015,Person
347549,Giant Squid,2002,2015,Group
306563,Dave Cloud,1956,2015,Person
594878,Han Grevelt,1938,2014,Person
1184443,Joe Ramsey,1956,2014,Person
456263,Rainer Bloss,1946,2015,Person
258427,The Psyke Project,2001,2015,Group
603990,Art Thieme,1941,2015,Person
540348,Robert Stigwood,1934,2016,Person
1240178,Jim Bailey,1938,2015,Person
608281,Gary Loizzo,1945,2016,Person
1184525,Jah Paul Joe,1956,2014,Person
1184526,Severs Ramsey,1956,2014,Person
137543,The Everly Brothers,1957,2014,Group
157247,Alberta Adams,1917,2014,Person
406834,FACT,1999,2015,Group
21927,Michel Delpech,1946,2016,Person
570673,Carsten Heusmann,1969,2015,Person
395108,LaFaro,2004,2014,Group
1240277,Stephen Johnson,1952,2015,Person
1184658,Babbe Music,2012,2015,Group
380494,Roy Etzel,1925,2015,Person
304660,Cynthia Robinson,1946,2015,Person
643911,Starpost,2008,2014,Group
298597,Bob Burns,1950,2015,Person
642959,Cory Wells,1941,2015,Person
652615,John J. Vis,1929,2015,Person
1006363,Sydarium,2011,2014,Group
403237,Reinaldo Creagh,1918,2014,Person
489330,Jerzy Semkow,1928,2014,Person
660400,Yoka Berretty,1928,2015,Person
189822,Annie de Reuver,1917,2016,Person
54330,Peter Broggs,1954,2015,Person
61967,The Knife,1999,2014,Group
666662,Peter Gutteridge,1961,2014,Person
1240407,Barry and the Beachcombers,2001,2015,Group
758274,Morning Parade,2007,2014,Group
341877,Vi Subversa,1935,2016,Person
209627,Lee Andrews,1936,2016,Person
1011849,PURETTY,2012,2014,Group
676890,Bram Beekman,1949,2016,Person
676680,Fredi Nest,1959,2015,Person
969,Members of Mayday,1991,2014,Group
6488,Paul Kantner,1941,2016,Person
827256,Kevlaar 7,1977,2014,Person
693505,Tommy Blom,1947,2014,Person
679274,Violet Bones,2009,2015,Group
908376,Subdivision,2010,2014,Group
142749,Herb Jeffries,1913,2014,Person
604586,Sam Andrew,1941,2015,Person
55452,Andra� Crouch,1942,2015,Person
689474,Michel Galabru,1922,2016,Person
690859,Martin Turner's Wishbone Ash,2005,2014,Group
703277,TOS,2005,2015,Group
541087,Vardo Rumessen,1942,2015,Person
283466,Noreen Corcoran,1943,2016,Person
409464,Joe B. Mauldin,1940,2015,Person
698946,Guy Longnon,1924,2014,Person
699001,Lampert,2005,2015,Group
4711,Leon Haywood,1942,2016,Person
34598,Lynn Anderson,1947,2015,Person
1157775,Nico Castel,1931,2015,Person
474110,Will Holt,1929,2015,Person
372555,Roy Campbell,1952,2014,Person
711478,Gail Zappa,1945,2015,Person
38551,Ornette Coleman,1930,2015,Person
1240721,Heinz Oberhummer,1941,2015,Person
635911,Jaime Morey,1942,2015,Person
12103,"Crosby, Stills & Nash",1968,2016,Group
244172,Leon Bibb,1922,2015,Person
734980,Black City,2009,2014,Group
121070,'Little' Jimmy Dickens,1920,2015,Person
763188,Beady Eye,2009,2014,Group
478319,Steve Mackay,1949,2015,Person
1242753,Jochen Stark,1951,2014,Person
738639,John Bilezikjian,1948,2015,Person
741963,Szirmay M�rta,1939,2015,Person
788728,Baptiste Chevreau,1991,2015,Person
809632,River City Extension,2007,2015,Group
71614,Doudou N'diaye Rose,1930,2015,Person
747755,Marie-Louise Girod,1915,2014,Person
742320,Light Bearer,2010,2015,Group
831995,Pierre Brice,1929,2015,Person
218510,David Maxwell,1943,2015,Person
363988,Maybeshewill,2005,2016,Group
5516,Buddy DeFranco,1923,2014,Person
380841,Kids in Glass Houses,2004,2014,Group
760274,Horn of the Rhino,2004,2016,Group
541491,"Lisa, Amy & Shelley",2007,2014,Group
771382,Reinhard Fi�ler,1949,2016,Person
299055,Dan Hicks,1941,2016,Person
316332,Art Stoyles,1942,2015,Person
771325,Erik Lindstr�m,1922,2015,Person
191985,Antoine Duhamel,1925,2014,Person
324381,Brigade S.,1999,2015,Group
777077,Jacques Thollot,1946,2014,Person
1009898,Armsted Christian,1951,2016,Person
779392,Frank Watkins,1968,2015,Person
1012061,Ray Santisi,1933,2014,Person
787798,Thanh B�nh,1932,2014,Person
791248,Ernst R�hl,1937,2015,Person
795912,T2,2007,2014,Group
802454,Maureen O'Hara,1920,2015,Person
443411,Marshall B. Rosenberg,1934,2015,Person
558453,Rovers Ahead,2006,2016,Group
813322,Aziatix,2011,2015,Group
813983,Oh My Darling,2007,2015,Group
241534,Gladdy,1934,2015,Person
240856,Gladstone Anderson,1934,2015,Person
48107,Frankie Ford,1939,2015,Person
755627,Claude Chamboisier,1950,2015,Person
259755,Kane,1998,2014,Group
647066,Glee Cast,2009,2015,Group
1174067,Strozzini,2003,2015,Group
822716,Jan Hooks,1957,2014,Person
824048,The Apache Relay,2009,2015,Group
824454,Ride Into The Sun,2010,2015,Group
685128,Dry the River,2009,2015,Group
42039,Ephel Duath,1998,2014,Group
828037,Fall,2008,2014,Group
580468,Obits,2006,2015,Group
828370,Raphy Leavitt,1948,2015,Person
123477,Rod McKuen,1933,2015,Person
33140,Stan Freberg,1926,2015,Person
360674,Taylor Negron,1957,2015,Person
5897,Otis Clay,1942,2016,Person
831914,Anti Marguste,1931,2016,Person
233262,Mary Rodgers,1931,2014,Person
1381,Dave Pike,1938,2015,Person
390888,Hans Muff,1944,2015,Person
574091,John Blake,1947,2014,Person
46047,Johnny Gimble,1926,2015,Person
74013,Heltah Skeltah,1994,2015,Group
73831,Glen Larson,1937,2014,Person
85782,Jean Ritchie,1922,2015,Person
104400,Kitty Kallen,1922,2016,Person
358678,Scott Asheton,1949,2014,Person
1241424,Les Gafettes,2013,2014,Group
133956,George Hamilton IV,1937,2014,Person
563532,Ray Kennedy,1957,2015,Person
206978,Billy Butler,1945,2015,Person
486003,Verses,2010,2016,Group
219414,Veni Domine,1987,2014,Group
743820,Guy Bontempelli,1940,2014,Person
312262,James Garner,1928,2014,Person
341359,Diane Charlemagne,1964,2015,Person
369194,Robert Craft,1923,2015,Person
428015,Tin Hat,2004,2015,Group
522491,Diocletian,2004,2015,Group
572204,Guy Carawan,1927,2015,Person
761449,Suzanne Crough,1963,2015,Person
5616,John Renbourn,1944,2015,Person
6134,Blowfly,1939,2016,Person
9446,Guy Clark,1941,2016,Person
50262,Troy Shondell,1940,2016,Person
67022,Tod Dockstader,1932,2015,Person
87463,Alvin Stardust,1942,2014,Person
99725,Wendy Rene,1947,2014,Person
846413,Michael Luig,1950,2014,Person
846698,Jerzy Katlewicz,1927,2015,Person
652446,Philippe-G�rard,1924,2014,Person
142030,The Dead,2002,2015,Group
1241471,Fernando Alvim,1934,2015,Person
660486,Gert Wilden,1917,2015,Person
678766,The Civil Wars,2009,2014,Group
380563,Mic Gillette,1951,2016,Person
479933,Ren� Saorgin,1928,2015,Person
7476,John Pinette,1964,2014,Person
53168,The Albion Band,1971,2014,Group
1189677,Mareike Carri�re,1954,2014,Person
698803,Marc Steckar,1935,2015,Person
579863,Richard Watson,1966,2015,Person
860562,Puzzle,2010,2015,Group
420108,Richard Lyons,1959,2016,Person
579829,In Solitude,2002,2015,Group
865016,Hugo Rasmussen,1941,2015,Person
546826,Jean Warland,1926,2015,Person
869574,Maido Maadik,1960,2014,Person
870503,Ingeborg Wellmann,1924,2015,Person
872597,Peeter Kopvillem,1954,2016,Person
457855,Lonnie Lynn,1943,2014,Person
836191,Catuvolcus,2007,2014,Group
412929,Drama,2001,2015,Group
744419,Mickey Champion,1925,2014,Person
341522,Jim Ed Brown,1934,2015,Person
880260,Leander Rising,2010,2015,Group
814774,Thilo von Westernhagen,1950,2014,Person
695724,Schorsch & de Bagasch,2003,2014,Group
1190381,Roberts Zuika,1913,2015,Person
1080385,DWV,2012,2014,Group
846588,Franzjosef Maier,1925,2014,Person
1242986,Randy Howard,1950,2015,Person
466204,Peter Schleicher,1945,2015,Person
742745,Incursus,2001,2014,Group
3334,Kim Fowley,1939,2015,Person
1193567,Esoteric Youth,2012,2014,Group
695786,Inverno Eterno,2005,2014,Group
269739,Kemal Monteno,1948,2015,Person
433097,Dallas Taylor,1948,2015,Person
544820,Cynthia Layne,1963,2015,Person
893708,Lance Diamond,1942,2015,Person
191,Pink Floyd,1965,2014,Group
409257,Frank Glazer,1915,2015,Person
896064,Floord,2000,2014,Group
1257035,Chinx,1983,2015,Person
55508,Dr. N. Ramani,1934,2015,Person
575528,Fernando Brant,1946,2015,Person
358756,Piotr Grudzi_ski,1975,2016,Person
908146,Embers,2004,2015,Group
910383,Glam,2012,2014,Group
1190923,Charb,1967,2015,Person
1190924,Bernard Maris,1946,2015,Person
913565,Peter Cropper,1945,2015,Person
913583,Douglas Cummings,1946,2014,Person
408320,Quatuor Ysa�e,1984,2014,Group
920010,John McCaw,1919,2015,Person
616041,Lynwood Slim,1953,2014,Person
1193803,Arthur Butterworth,1923,2014,Person
922272,Randomorder,2007,2016,Group
1013442,Nous sommes des chiens,2009,2015,Group
43364,Demis Roussos,1946,2015,Person
1245025,Sincerity,2011,2015,Group
1245034,Hans-Georg Lenzen,1921,2014,Person
145889,Wig Wam,2001,2014,Group
264983,Don Robertson,1922,2015,Person
1013315,Jit Samaroo,1950,2016,Person
1014673,Herb Wong,1926,2014,Person
494800,Hannes Beckmann,1950,2016,Person
1007160,Ernie Chataway,1952,2014,Person
79963,Sabbat,1985,2014,Group
669468,Buddy Catlett,1933,2014,Person
36016,Curtis Lee,1939,2015,Person
48464,Edgar Froese,1944,2015,Person
868682,Marty Napoleon,1921,2015,Person
739672,Don Rendell,1926,2015,Person
584167,Howard Rumsey,1917,2015,Person
939142,Ronnie Bedford,1931,2014,Person
277621,Bengt-Arne Wallin,1926,2015,Person
873238,Humanoids From The Deep,2010,2014,Group
940644,Language Room,2007,2014,Group
434952,Brian Couzens,1933,2015,Person
150865,Olle Ljungstr�m,1961,2016,Person
121968,"Alfredo ""Chocolate"" Armenteros",1928,2016,Person
942243,Claudio Prieto,1934,2015,Person
213701,Karlheinz B�hm,1928,2014,Person
1079515,Flavio Testi,1923,2014,Person
942968,Mondvolland,2006,2014,Group
486914,Al Aarons,1932,2015,Person
794940,Kosti Kotiranta,1957,2015,Person
317702,Jewelry,2001,2015,Group
350137,Joe Ascione,1961,2016,Person
503766,Noah and the Whale,2006,2015,Group
3253,Natalie Cole,1950,2015,Person
373839,Seymour Barab,1921,2014,Person
133782,Bodil Malmsten,1944,2016,Person
1183,Guided by Voices,1983,2014,Group
948239,Suffer the Wrath,2007,2014,Group
469321,Heinz Fricke,1927,2015,Person
948844,Billy Ray Hearn,1929,2015,Person
431126,Sabah,1927,2014,Person
452843,Helmut Schmidt,1918,2015,Person
450133,Arian Band,1998,2015,Group
950674,Andr� Waignein,1942,2015,Person
951233,Donald Griffin,1955,2015,Person
951267,Jens Clemens,1972,2015,Person
620062,Werner Leismann,1936,2015,Person
952138,Three Loco,2011,2014,Group
8255,Pumpkinhead,1975,2015,Person
954969,Abdul Rashid Khan,1908,2016,Person
955181,Marco Tamburini,1959,2015,Person
606412,Killed by 9V Batteries,2002,2014,Group
1023002,Gerd Natschinski,1928,2015,Person
957422,Stan Cornyn,1933,2015,Person
200819,Rik Mayall,1958,2014,Person
641299,Dieter Wiesmann,1939,2015,Person
961032,John Chilton,1932,2016,Person
367311,H.R. Giger,1940,2014,Person
740183,Elodie Lauten,1950,2014,Person
1243864,Mike Raptis,1969,2014,Person
1194277,Chris Hawkins,1952,2014,Person
965441,Cabu,1939,2015,Person
965515,Harijs Ozols,1963,2015,Person
240218,Glenn Cornick,1947,2014,Person
1123197,Leo Kraft,1922,2014,Person
969285,Brian Carman,1945,2015,Person
474158,Luigi Creatore,1921,2015,Person
981979,Device,2012,2015,Group
881867,Hein Kr�her,1927,2016,Person
740304,John Scott,1956,2015,Person
971528,Mats Olausson,1961,2015,Person
245294,Nikolaus Harnoncourt,1929,2016,Person
757066,Ace Bushy Striptease,2007,2014,Group
421457,Rainer Riehn,1941,2015,Person
1024668,Jim Mooney,1934,2015,Person
977452,Morzhol,2006,2014,Group
10946,Robin Williams,1951,2014,Person
1016181,Kalabhavan Mani,1971,2016,Person
22460,Ronny Jordan,1962,2014,Person
125601,Dave Appell,1922,2014,Person
1019977,Janusz Muniak,1941,2016,Person
502960,Pierre F. Brault,1939,2014,Person
385992,Kayahan A�ar,1949,2015,Person
1026451,Peter Schmidlin,1947,2015,Person
359539,Simo Salminen,1932,2015,Person
736041,Neon Highwire,2008,2016,Group
1010,Orbital,1989,2014,Group
729899,Wayne Carson Thompson,1943,2015,Person
1121891,LUNA-TICK,2011,2014,Group
309787,Rutger Gunnarsson,1946,2015,Person
59694,Clark Terry,1920,2015,Person
980827,Chip Young,1938,2014,Person
629271,Meredydd Evans,1919,2015,Person
9606,Beastie Boys,1979,2014,Group
1042136,Robin des Bois,2013,2014,Group
982181,Dieter Thomas,1947,2016,Person
604834,Alan Douglas,1931,2014,Person
1018460,Mike Burney,1944,2014,Person
629582,Monica Parker,1956,2014,Person
985297,Michel Santangeli,1945,2014,Person
543516,Leif Solberg,1914,2016,Person
109273,Albert West,1949,2015,Person
986195,John Eaton,1935,2015,Person
665283,Wolf Gang,2009,2015,Group
306924,Good Groove,1968,2014,Person
1042830,Horst Mendroch,1942,2015,Person
668037,Doc Neeson,1947,2014,Person
582821,Harry Rowohlt,1945,2015,Person
1039677,Lincoln Olivetti,1954,2015,Person
989667,George Probert,1927,2015,Person
1038976,Lights Out,2013,2016,Group
1024043,Horst Ebert,1943,2014,Person
778745,Ivo Vinco,1927,2014,Person
1032779,Rainer Kirsch,1934,2015,Person
32763,James Last,1929,2015,Person
53773,Stefan George,1952,2015,Person
814271,Jacques Herlin,1927,2014,Person
993879,Vince Sipprell,1979,2015,Person
1024093,Dickie Hammond,1965,2015,Person
994283,Kool Thing,2010,2015,Group
605022,TAKE SHiT,1996,2015,Group
473386,Ron Crotty,1929,2015,Person
1048340,True Arcadian,2012,2015,Group
1048888,Allan Browne,1944,2015,Person
391148,John Jennings,1954,2015,Person
1051562,Anne �land,1949,2015,Person
486363,Harold Battiste,1931,2015,Person
812394,William Clarke,1948,2014,Person
167420,"Bunny ""Rugs"" Clarke",1948,2014,Person
810535,Bunny Scott,1948,2014,Person
117713,Phife Dawg,1970,2016,Person
108383,Javier Krahe,1944,2015,Person
65555,Mariano Mores,1918,2016,Person
243329,Santiago Feli�,1962,2014,Person
69936,Alan Rickman,1946,2016,Person
12157,George Martin,1926,2016,Person
575682,King Kester Emeneya,1956,2014,Person
262673,Francesco Di Giacomo,1947,2014,Person
953988,Dick Berk,1939,2014,Person
741099,Gerd Albrecht,1935,2014,Person
201096,Alba Sol�s,1927,2016,Person
365033,Ernest Tomlinson,1924,2015,Person
534809,Vivian Girls,2007,2014,Group
763553,Marty Thau,1938,2014,Person
756603,D�nes Zsigmondy,1922,2014,Person
409805,Ubaldo Continiello,1941,2014,Person
1091020,Felix Mandre,1928,2014,Person
309985,Casey Kasem,1932,2014,Person
1054552,Fraser Holmes,1987,2015,Person
657588,Ruby Dee,1922,2014,Person
651207,Nico Nicolaiewsky,1957,2014,Person
153396,The Mighty Hannibal,1939,2014,Person
528728,Ursula Holliger,1937,2014,Person
337318,Waldemar Kmentt,1929,2015,Person
195974,Dieter Moebius,1944,2015,Person
1084573,James Shaw,1939,2014,Person
80057,Maya Angelou,1928,2014,Person
98324,Shirley Temple,1928,2014,Person
562000,Bernd Noske,1946,2014,Person
950155,Sid Caesar,1922,2014,Person
1196530,Suzette Haden Elgin,1936,2015,Person
861533,Anker Buch,1940,2014,Person
609225,Corpus Callosum,2002,2014,Group
84160,Duffy Power,1941,2014,Person
1056821,Franz-Paul Decker,1923,2014,Person
1048557,Bud Spangler,1938,2014,Person
551563,LeRoi Jones,1934,2014,Person
520129,Anna Gordy Gaye,1922,2014,Person
948017,Gary Richrath,1949,2015,Person
1057810,Follow the Water,2012,2015,Group
303191,Rafael Fr�hbeck de Burgos,1933,2014,Person
1057938,�scar Avil�s,1924,2014,Person
592882,Clifford Adams,1952,2015,Person
775514,Nicolae Herlea,1927,2014,Person
487,Ben E. King,1938,2015,Person
4538,Pete Seeger,1919,2014,Person
469516,Toma� Pengov,1949,2014,Person
842860,Samantha Juste,1944,2014,Person
786108,Ghulam Mohammad Saznawaz,1940,2014,Person
276014,Timo Tervo,1950,2014,Person
30023,Pestilence,1986,2014,Group
1196539,Margot Moir,1959,2015,Person
49870,Ernie Maresca,1938,2015,Person
1083937,F�lix Grande,1937,2014,Person
65606,Alice Babs,1924,2014,Person
405368,Jim Keays,1946,2014,Person
246324,Fergie Frederiksen,1951,2014,Person
103972,Udo J�rgens,1934,2014,Person
297165,Karl Moik,1938,2015,Person
67041,Robert Ashley,1930,2014,Person
741923,Walter Mossmann,1941,2015,Person
197535,Wolfgang Sauer,1928,2015,Person
364344,Roger Cicero,1970,2016,Person
733568,Simo Salminen,1956,2014,Person
582882,Mickey Rooney,1920,2014,Person
52365,Christof St�hlin,1942,2015,Person
1016552,Don Davis,1938,2014,Person
445099,Jean Walter,1922,2014,Person
993413,K_rlis Zari_�,1930,2015,Person
238352,Claudio Abbado,1933,2014,Person
300136,Willy Hagara,1927,2015,Person
382902,Hal Willis,1933,2015,Person
141968,Ralf Paulsen,1929,2015,Person
188244,Ralf Bendix,1924,2014,Person
38922,Jimmy Scott,1925,2014,Person
1089038,Joe Evans,1916,2014,Person
1170731,Anyu Nem Seedel,2012,2015,Group
311104,Lance Percival,1933,2015,Person
1123577,Dixie Hall,1935,2015,Person
773780,Nicolas Skorsky,1952,2014,Person
111847,Wolfgang Stockmeier,1931,2015,Person
1088794,Thomas Buh�,1920,2015,Person
81931,Wayne Smith,1965,2014,Person
690352,Neil Le Vang,1932,2015,Person
1034559,Demetrio Gonz�lez,1927,2015,Person
851346,Houses,2009,2014,Group
1083651,Slavedriver,2012,2015,Group
435118,Steven Stucky,1949,2016,Person
850799,Lava Lava Love,2010,2014,Group
1066435,Endaf Gremlin,2013,2014,Group
128832,Riz Ortolani,1926,2014,Person
1079216,Rhythm Faces,2013,2014,Group
135364,3 Inches of Blood,1999,2015,Group
475448,Louis Johnson,1955,2015,Person
1068244,Domine Nation,2010,2014,Group
271185,Jan Manschot,1947,2014,Person
77373,Amiri Baraka,1934,2014,Person
21264,Jimmy Ruffin,1936,2014,Person
255652,Phil Taylor,1954,2015,Person
115122,Fran�ois Deguelt,1932,2014,Person
631159,Martti Mets�keto,1940,2015,Person
1124238,Bjarne Sl�gedal,1927,2014,Person
1086054,Juthika Roy,1920,2014,Person
203932,Fred Bertelmann,1925,2014,Person
657397,Incubite,2009,2014,Group
978572,Ernie Banks,1931,2015,Person
1849,Paco de Luc�a,1947,2014,Person
393657,Lulu Reinhardt,1951,2014,Person
1196574,"William ""Wee Willie"" Makovsky",1940,2014,Person
764653,The Oath,2012,2014,Group
784306,Herman Pieter de Boer,1928,2014,Person
1093341,Tatjana Gros,1948,2016,Person
69645,Tim Wilson,1961,2014,Person
1092707,Penny DeHaven,1948,2014,Person
206517,Tabby Thomas,1929,2014,Person
22028,Horace Silver,1928,2014,Person
758071,Gunnel Linde,1924,2014,Person
467516,Eisenfunk,2006,2014,Group
473018,Petr Hapka,1944,2014,Person
497112,Ward Swingle,1927,2015,Person
655671,Georges Hamel,1948,2014,Person
1073642,Thomas Kurzhals,1953,2014,Person
1191727,A$AP Yams,1988,2015,Person
220731,Phil Everly,1939,2014,Person
503983,Jay Traynor,1943,2014,Person
1093959,Kari Lehtinen,1945,2014,Person
1039373,Matti Ruohola,1940,2014,Person
147655,Nelson Ned,1947,2014,Person
1196627,Trevor Ward-Davies,1944,2015,Person
166499,Michael Masser,1941,2015,Person
282679,Ang�le Arsenault,1943,2014,Person
584991,Quentin Elias,1974,2014,Person
899953,Us Baby Bear Bones,2010,2014,Group
90170,Aur�le Nicolet,1926,2016,Person
654770,amber gris,2009,2015,Group
501457,Renato Cioni,1929,2014,Person
473457,Lieuwe Visser,1940,2014,Person
23004,Paul Horn,1930,2014,Person
356,Monty Python,1969,2014,Group
1008761,Cristina Deutekom,1931,2014,Person
583486,Sharifah Aini,1953,2014,Person
11386,Eagles,1971,2016,Group
1196647,Israel Yinon,1956,2015,Person
776914,Patti Wicks,1945,2014,Person
160859,Frans Br�ggen,1934,2014,Person
1136709,Riina Gerretz,1939,2014,Person
1096555,El Nigno,1988,2014,Person
1096757,jamie goddard,1977,2014,Person
360671,David Brenner,1936,2014,Person
951863,Med Flory,1926,2014,Person
371185,Al Harewood,1923,2014,Person
569792,Cees Veerman,1943,2014,Person
108471,Mitch Leigh,1928,2014,Person
1097908,C�sar Durcin,1957,2016,Person
607336,Tukkanuotta,2004,2015,Group
1098116,Selim Lemouchi,1980,2014,Person
1084784,Aither,2013,2014,Group
381761,Gary Burger,1943,2014,Person
603803,Ralph Penland,1953,2014,Person
1098153,Synaesthesia,2012,2015,Group
388715,Lapiro De Mbanga,1957,2014,Person
959928,Ralph Sharon,1923,2015,Person
4316,Elaine Stritch,1925,2014,Person
918289,BiS,2010,2014,Group
1129901,Hod,2007,2015,Group
768390,Joe Lala,1947,2014,Person
1099246,Saul Zaentz,1921,2014,Person
698795,Andr� Paquinet,1926,2014,Person
210617,Herv� Cristiani,1947,2014,Person
1132206,Chuck Hedges,1980,2014,Person
49213,Frances Nero,1943,2014,Person
789709,Peeter Saul,1932,2014,Person
877564,Snakadaktal,2009,2014,Group
1135301,Dal Richards,1918,2015,Person
240039,Giorgio Faletti,1950,2014,Person
930825,Oscar Yatco,1930,2014,Person
54778,CHAGE and ASKA,1979,2014,Group
290539,Dick Wagner,1942,2014,Person
1100166,Rubik,2006,2014,Group
203811,Sandy Wilson,1924,2014,Person
6453,Johnny Winter,1944,2014,Person
216043,Giorgio Gaslini,1929,2014,Person
61936,Jan Jarczyk,1947,2014,Person
667177,Jill Sinclair,1952,2014,Person
320780,Dave Brockie,1963,2014,Person
1101169,Paulo Schroeber,1973,2014,Person
898650,Zane Musa,1979,2015,Person
906552,Janusz Kondratowicz,1940,2014,Person
113751,King Sporty,1943,2015,Person
524831,Joe Guercio,1927,2015,Person
784292,Cosmetics,2008,2016,Group
851954,Michele Serros,1966,2015,Person
368386,Johnny White,1946,2014,Person
610152,Jan Strinnholm,1936,2014,Person
920697,Christoph Stepp,1927,2014,Person
524195,Osvaldo Montes,1934,2014,Person
44556,Jeff Golub,1955,2015,Person
7280,Frankie Knuckles,1955,2014,Person
241307,Gerry Goffin,1939,2014,Person
120948,Hubert Deuringer,1924,2014,Person
770415,Urs Widmer,1938,2014,Person
338108,Jimmy Bain,1947,2016,Person
554172,Malik Isaac Taylor,1970,2016,Person
1138217,Dmitry Volkov,1988,2014,Person
185441,Rob Base & DJ E_Z Rock,1985,2014,Group
1103687,Roy Cicala,1939,2014,Person
169014,P.F. Sloan,1945,2015,Person
375775,Steven Fromholz,1945,2014,Person
442730,UPLIFT SPICE,2005,2014,Group
43719,Allen Toussaint,1938,2015,Person
33579,Arthur Smith,1921,2014,Person
428107,Paul Salamunovich,1927,2014,Person
935429,Aaron Sachs,1923,2014,Person
663966,Johnnie Gray,1920,2014,Person
70415,Idris Muhammad,1939,2014,Person
869212,Cristiano Ara�jo,1986,2015,Person
151177,Wayne Henderson,1939,2014,Person
12230,Charlie Haden,1937,2014,Person
370193,Bobby Keys,1943,2014,Person
598676,Jack Hammer,1925,2016,Person
599485,Horst K�bbert,1928,2014,Person
993225,Jacques Cast�r�de,1926,2014,Person
1134336,Epidemic,2008,2014,Group
1105651,Twenty Twenty,2008,2014,Group
476804,Kammerorchester Carl Philipp Emanuel Bach,1969,2014,Orchestra
247192,Pat O'Brien,1947,2014,Person
1105973,Gary Marker,1943,2015,Person
1137487,Gabriel Redon,1922,2014,Person
65634,Jesse Winchester,1944,2014,Person
567302,George Shuffler,1925,2014,Person
648558,Claude Carr�re,1936,2014,Person
163951,Ken Thorne,1924,2014,Person
402469,Dainis Stalts,1939,2014,Person
389410,Sid Tepper,1918,2015,Person
385349,Lew Soloff,1944,2015,Person
385601,David Nadien,1926,2014,Person
520089,Gil Askey,1925,2014,Person
390406,Armando Peraza,1924,2014,Person
643429,Shane Gibson,1979,2014,Person
43158,Gabriel Garc�a M�rquez,1927,2014,Person
94971,Cheo Feliciano,1935,2014,Person
1009381,Peter von Bagh,1943,2014,Person
403044,Dietmar Sch�nherr,1926,2014,Person
829555,Jason McCash,1975,2014,Person
553643,Frank Vincent,1938,2014,Person
985661,Brian Priestman,1927,2014,Person
603066,Sonia Silvestre,1952,2014,Person
660377,Fred Ho,1957,2014,Person
891885,Eli Wallach,1915,2014,Person
793384,Norman Leyden,1917,2014,Person
618832,Strawfoot,2004,2014,Group
80888,Drs. P,1919,2015,Person
242648,Carlo Bergonzi,1924,2014,Person
751851,Ray Kennedy,1946,2014,Person
742160,Schwabinger Gisela,1929,2014,Person
41044,Christian Falk,1962,2014,Person
133212,Jimmy C. Newman,1927,2014,Person
442461,Anna Reynolds,1931,2014,Person
347949,Vera Singajevska,1923,2014,Person
258625,Niks Matvejevs,1958,2014,Person
921038,Mar�a Luisa Land�n,1921,2014,Person
881128,Lilian Benningsen,1924,2014,Person
897203,Gene Walker,1938,2014,Person
372060,Gerd Zacher,1929,2014,Person
345270,Sir David Willcocks,1919,2015,Person
979538,Empress AD,2011,2015,Group
170395,Murat G�_ebakan,1968,2014,Person
442482,Lionel Ferbos,1911,2014,Person
545389,Virginia Luque,1927,2014,Person
1088713,Uwe Paulsen,1944,2014,Person
284430,Tommy Ramone,1952,2014,Person
1139979,Westfield Breakdown,2012,2014,Group
1138294,The New Rope String Band,2006,2015,Group
517386,Henry Stone,1921,2014,Person
1140259,Rafael Santa Cruz,1960,2014,Person
1078081,Lee Dresser,1941,2014,Person
767149,DJ Rashad,1979,2014,Person
157013,Lee Dresser & The Krazy Kats,1957,2014,Group
303530,Bob Hoskins,1942,2014,Person
357411,Lee Hyla,1952,2014,Person
955810,Sheila MacRae,1921,2014,Person
300126,Heinz Schenk,1924,2014,Person
457929,Bernd Kowalzik,1949,2014,Person
1112056,Nick Walker,1974,2014,Person
373169,Juan Formell,1942,2014,Person
366769,Julius Rudel,1921,2014,Person
187890,Yvette Giraud,1916,2014,Person
109510,Lee McBee,1951,2014,Person
234417,Jessica Cleaves,1948,2014,Person
420254,Jake Hooker,1953,2014,Person
1113050,Hung Up,2012,2015,Group
1113170,Mean Bikini,2011,2014,Group
144655,Dennis Kamakahi,1953,2014,Person
1136661,MINE,1995,2014,Group
345385,Dickie Jones,1927,2014,Person
363991,Joe Wilder,1922,2014,Person
271226,Lorin Maazel,1930,2014,Person
633141,Dirty Revolution,2007,2014,Group
657549,Rod de'Ath,1950,2014,Person
517681,Manfred Sexauer,1930,2014,Person
5385,"Kenny Drew, Jr.",1958,2014,Person
1230743,Canis Lupus,2007,2014,Group
1176337,Liaxy,2011,2014,Group
1140851,Tristessa,1977,2014,Person
173123,Astarte,1997,2014,Group
1197130,Speedbreaker,2011,2015,Group
65512,Magnus H�renstam,1941,2015,Person
389665,Billy Mundi,1942,2014,Person
76079,Lauren Bacall,1924,2014,Person
40429,Cynic,1987,2015,Group
137419,Christopher Lee,1922,2015,Person
1168107,Herbie Hess,1933,2015,Person
961698,Don Pardo,1918,2014,Person
1203492,Richie Pratt,1943,2015,Person
849370,W_u,2011,2014,Group
1141642,L.A. Wedding,2012,2014,Group
33697,Immortal,1990,2015,Group
1112624,Sergio Blanco Rivas,1948,2015,Person
1142152,Infinite Translation,2004,2015,Group
818542,Ian Fraser,1933,2014,Person
1142334,Abacus,2011,2014,Group
772162,Michael Johns,1978,2014,Person
566866,Eri Klas,1939,2016,Person
242260,Saulius Sondeckis,1928,2016,Person
488627,Bob Casale,1952,2014,Person
1143048,Ishmael,2013,2014,Group
354071,Sister Sin,2002,2015,Group
1068,Leonard Nimoy,1931,2015,Person
30532,Martti Innanen,1931,2014,Person
1145408,Taekaury,2014,2015,Group
1212859,Bryan Fairfax,1925,2014,Person
36594,M�tley Cr�e,1981,2015,Group
343371,The Jacka,1977,2015,Person
5250,Phil Woods,1931,2015,Person
90253,Mighty Sam McClain,1943,2015,Person
137146,Jimmy Riley,1954,2016,Person
1213157,Stephen Clapp,1939,2014,Person
452893,John McClure,1929,2014,Person
1213160,Kent Finlay,1938,2015,Person
188090,Jean Vall�e,1941,2014,Person
5633,Brutal Truth,1990,2014,Group
981219,Trilogy Soldiers,2009,2014,Group
668356,Bruce Crump,1957,2015,Person
1144558,George Robert,1960,2016,Person
793207,Ken Morris,1941,2014,Person
1246357,Blues Jonction,2008,2015,Group
285254,Lopez,1994,2014,Group
37213,THE BOOM,1986,2014,Group
602279,Jo Alfidi,1949,2015,Person
138135,Johnny Keating,1927,2015,Person
53347,Mango,1954,2014,Person
1223923,Greta Erikson,1919,2014,Person
489147,Mabon Hodges,1945,2014,Person
1093775,Church of the Helix Choir,2014,2015,Choir
1198998,William Stokking,1933,2014,Person
860929,Eino Baskin,1929,2015,Person
660916,Galileo Galilei,2007,2016,Group
321161,Knut Nystedt,1915,2014,Person
82433,Jackie Trent,1940,2015,Person
1215289,Patric Standford,1939,2014,Person
294776,Vlada Divljan,1958,2015,Person
172476,Peret,1935,2014,Person
420462,Gary Owens,1934,2015,Person
759313,High Five,2006,2015,Group
8810,Arthur Louis,1945,2014,Person
729003,Luis Herrera de la Fuente,1916,2014,Person
285021,Brasse Br�nnstr�m,1945,2014,Person
1215333,Archibald Herbert Bevan,1925,2015,Person
980569,Andy White,1930,2015,Person
1197407,Gunta Mic_ne,1938,2014,Person
982409,Janis Martin,1939,2014,Person
1168342,Bernd K�ppen,1951,2014,Person
120649,Johnny Kemp,1959,2015,Person
1218246,Allen Forte,1926,2014,Person
1192814,SARAH 'n' TORMY,2012,2014,Group
1220160,Patrick Wille de Wael,1960,2015,Person
894754,Patrick Macnee,1922,2015,Person
366507,Paul Jeffrey,1933,2015,Person
366615,Peter Katin,1930,2015,Person
1028578,A.J. Masters,1950,2015,Person
21153,Percy Sledge,1940,2015,Person
983824,Samuel Barclay Charters,1929,2015,Person
1202820,CELL,2012,2015,Group
160868,Worried Men Skiffle Group,1960,2014,Group
1146427,Galla,1995,2014,Group
535438,Mike Nichols,1931,2014,Person
262725,Gunther Schuller,1925,2015,Person
762389,Peter Nieuwerf,1938,2015,Person
155831,Ezkimo,1980,2015,Person
89788,Celina Gonz�lez,1929,2015,Person
699615,Mary Healy,1918,2015,Person
1220344,DELACROIX,2009,2014,Group
69938,Richard Attenborough,1923,2014,Person
979571,Edorf,1985,2015,Person
114457,Kayahan,1949,2015,Person
491749,Cumshot,2004,2014,Group
581576,Licia Albanese,1913,2014,Person
320760,Aldo Ciccolini,1925,2015,Person
225462,Ciguli,1957,2014,Person
1147052,Tibor Rudas,1920,2014,Person
458823,Axel Becker,1963,2015,Person
187569,Jimi Jamison,1951,2014,Person
1208974,Charmayne Maxwell,1969,2015,Person
567819,Dave Ball,1950,2015,Person
1213767,HAMMERHEAD SHARK,2006,2014,Group
1210889,Iron Cross,1979,2014,Group
408077,Lil� Chris,1990,2015,Person
174921,Glenn Ohrlin,1926,2015,Person
359750,Aarno Raninen,1944,2014,Person
976149,D�sir� Dondeyne,1921,2015,Person
4898,Daevid Allen,1938,2015,Person
941312,Brian Roy Goble,1957,2014,Person
1216648,Maria Radner,1981,2015,Person
100637,Anberlin,2002,2014,Group
1216654,Oleg Bryjak,1960,2015,Person
481567,Ellen Dow,1913,2015,Person
179992,Infernal Poetry,1996,2014,Group
40676,Gustavo Cerati,1959,2014,Person
376308,Joan Rivers,1933,2014,Person
1200669,Triciclos Clos,1989,2014,Group
1249783,Helmuth Lohner,1933,2015,Person
39173,Lesley Gore,1946,2015,Person
835098,Gustaf Sj�kvist,1943,2015,Person
144277,Augusto Martelli,1940,2014,Person
1148498,Asparagii,2007,2014,Group
867079,Pure Love,2011,2014,Group
1148639,Simone Battle,1989,2014,Person
4294,Julie Wilson,1924,2015,Person
542378,Ton van der Kleij,1949,2015,Person
154083,Sean Price,1972,2015,Person
1250190,Dispolser,2004,2014,Group
1251965,Conflagrator,2009,2015,Group
1228636,Ruinant,2011,2016,Group
450887,Heiner Hopfner,1941,2014,Person
1107710,Scarlet Harvest,2014,2015,Group
39476,16volt,1991,2014,Group
840965,Magda Olivero,1910,2014,Person
381670,Ian McLagan,1945,2014,Person
1090593,Young Ready,1983,2015,Person
548284,Frank Shipway,1935,2014,Person
330454,Philip Levine,1928,2015,Person
893078,Slavko Avsenik,1929,2015,Person
1065731,Joachim Fuchsberger,1927,2014,Person
142192,Val Doonican,1927,2015,Person
1150151,Tito Torbellino,1983,2014,Person
477059,Cosimo Matassa,1926,2014,Person
811573,Crossin' Dixon,2012,2014,Group
1315,James Horner,1953,2015,Person
8829,Robert Belfour,1940,2015,Person
4381,Manuel De Sica,1949,2014,Person
554865,Red Lane,1939,2015,Person
1151080,Uphill Work,2002,2014,Group
879773,Nicky Da B,1990,2014,Person
1093199,�rick Bamy,1949,2014,Person
33071,Joe Sample,1939,2014,Person
79633,Chris Squire,1948,2015,Person
125699,Eddy Louiss,1941,2015,Person
1149135,Flesh of Sin,2012,2014,Group
1251980,The Alternate Ending,2014,2014,Group
1207334,Bad Liquor Pond,2006,2014,Group
1250579,Rodolfo Maltese,1947,2015,Person
68036,Peter Behrens,1947,2016,Person
104642,Don Covay,1938,2015,Person
185579,Milton DeLugg,1918,2015,Person
986777,Jerome Cooper,1946,2015,Person
1216811,A Dying God,2012,2015,Group
269686,Gert Krawinkel,1947,2014,Person
177174,The Night Writers,1955,2014,Person
1249163,Hanna Ludwig,1918,2014,Person
269774,U. Srinivas,1969,2014,Person
212806,Robert Drasnin,1927,2015,Person
896900,Ernst Brunner,1929,2015,Person
1219394,Measure for Measure,2011,2015,Group
57588,Kenny Wheeler,1930,2014,Person
14767,LFO,1988,2014,Group
1224602,Shitty Beatles,2005,2015,Group
698786,Ivan Jullien,1934,2015,Person
255298,Erol B�y�kbur�,1936,2015,Person
523350,Tim Hauser,1941,2014,Person
254670,Kurt Masur,1927,2015,Person
52034,Errol Brown,1943,2015,Person
1181185,Curro de Utrera,1927,2015,Person
1179692,Jimmy Greenspoon,1948,2015,Person
1249543,M�n�re Aksaray,1967,2014,Person
273517,John McCabe,1939,2015,Person
1155404,Georges Wolinski,1934,2015,Person
1030293,Rolf Arland,1922,2015,Person
643244,THE KIDDIE,2007,2015,Group
697683,Benny Vasseur,1926,2015,Person
1234025,Super131,2012,2014,Group
1229836,John Grant,1930,2014,Person
84958,Deon Jackson,1946,2014,Person
1156709,Volker K�hn,1933,2015,Person
1156710,Roland Schneider,1937,2015,Person
165194,Christopher Hogwood,1941,2014,Person
691514,Miniature Dinosaurs,2009,2014,Group
218322,Jaak Joala,1950,2014,Person
1223020,Jurgen Gothe,1944,2015,Person
513597,Petr Skoumal,1938,2014,Person
409320,Erik van der Wurff,1945,2014,Person
595493,Stefan Krachten,1958,2014,Person
921813,Marujita D�az,1932,2015,Person
1158422,The Northern,2012,2014,Group
1158446,Stop All the Clocks,2012,2014,Group
1158677,Magnetron,1996,2014,Group
445925,Laszlo Varga,1924,2014,Person
390034,Nati Cano,1933,2014,Person
814936,Jackie Cain,1928,2014,Person
1159170,Gerda Schriever,1928,2014,Person
150174,Konrad Boehmer,1941,2014,Person
423281,Paul Revere,1938,2014,Person
341301,A.J. Pero,1959,2015,Person
383584,David Anderle,1937,2014,Person
216901,Bob Crewe,1930,2014,Person
422699,Peer Augustinski,1940,2014,Person
89930,Gerald Wilson,1918,2014,Person
527022,George Roberts,1928,2014,Person
256236,Linda Hornbuckle,1954,2014,Person
1159490,The Trouble Starts,2010,2014,Group
207850,Louis Menar,1939,2014,Person
875965,Amalgam,2006,2014,Group
670259,Siegfried Lenz,1926,2014,Person
101300,K-Nitrate,1994,2014,Group
623015,Roy Douglas,1907,2015,Person
1160972,Gitta Walther,1940,2014,Person
614711,Bob Montgomery,1937,2014,Person
440866,Joseph Silverstein,1932,2015,Person
629568,Nick Talbot,1997,2014,Person
394590,Mats Rondin,1960,2014,Person
784040,Anita Cerquetti,1931,2014,Person
7670,Chimaira,1998,2014,Group
880750,Tarmo Leinatamm,1957,2014,Person
1161728,Heinrich Lukas Lindenmaier,1946,2014,Person
1161791,Urilia,2011,2015,Group
628192,Middle Finger Salute,2005,2014,Group
1225835,Brahman Shaman,2008,2015,Group
1162455,Will Connell,1938,2014,Person
638526,Brian Lemon,1937,2014,Person
1162673,David Wessel,1942,2014,Person
1153414,mule train,1996,2014,Group
1222702,Deleted Arrows,2009,2014,Group
48152,Pierre Boulez,1925,2016,Person
1163396,anders,2006,2014,Group
1163998,Murmurs,2008,2014,Group
532075,Hubert Giraud,1920,2016,Person
1162274,Pink-Tribal,2013,2014,Group
316931,Thomas Erdelyi,1952,2014,Person
593412,Richard Evans,1932,2014,Person
87874,Marcia Strassman,1948,2014,Person
1177159,Great Floods,2012,2014,Group
271816,Seth Gaaikema,1939,2014,Person
536262,Raphael Ravenscroft,1954,2014,Person
1165482,Dermot Healy,1947,2014,Person
175316,Patachou,1918,2015,Person
988147,Vic Ash,1930,2014,Person
154668,Tut Taylor,1923,2015,Person
455941,Renato Sellani,1926,2014,Person
72883,Wayne Static,1965,2014,Person
1142941,Masses,2009,2014,Group
331,Acker Bilk,1929,2014,Person
57155,Hugo Strasser,1922,2016,Person
198191,Klaus Kreuzeder,1950,2014,Person
1203416,David Stock,1939,2015,Person
1167409,Dieter Antritter,1929,2015,Person
1167612,Peter Lustig,1937,2016,Person
1167760,Sexdrome,2008,2014,Group
4266,Manitas de Plata,1921,2014,Person
585980,Heet Seas,2004,2014,Group
175319,Magali No�l,1931,2015,Person
572603,Orrin Keepnews,1923,2015,Person
437484,We Are the Physics,2005,2015,Group
472127,Rose Marie McCoy,1922,2015,Person
1209499,Ariel Camacho,1992,2015,Person
387506,Chris Rainbow,1946,2015,Person
585014,Michael Coleman,1956,2014,Person
1212651,Mervyn Burtch,1929,2015,Person
85212,Richard Anthony,1938,2015,Person
738651,Bobby Emmons,1943,2015,Person
1169619,Manfred Schmitz,1939,2014,Person
1212657,Frits Thors,1909,2014,Person
1204471,Maria Luisa Zeri,1928,2015,Person
256769,Dawn Sears,1961,2014,Person
44032,Mark Bell,1971,2014,Person
1203480,Ammouri M'barek,1951,2015,Person
490864,Henrik Freischlader Band,2004,2014,Group
1088409,Omar Lamparter,1917,2014,Person
35610,The Rapture,1998,2014,Group
841572,Bob Whitlock,1931,2015,Person
1074494,Mosie Lister,1921,2015,Person
883148,Friedemann Weigle,1962,2015,Person
1252700,Bludvera,2008,2014,Group
735487,Julio Angel,1945,2015,Person
400128,Garrison Fewell,1953,2015,Person
724509,Blitz Kids,2008,2015,Group
815381,Omar Sharif,1932,2015,Person
105012,Joerg Reiter,1958,2015,Person
645774,Texas in July,2008,2015,Group
1253844,JAN,2011,2015,Group
788554,Umberto Eco,1932,2016,Person
209052,Tom Skinner,1954,2015,Person
275814,Jon Vickers,1926,2015,Person
951895,Hussein Fatal,1977,2015,Person
360300,Roy C. Bennett,1918,2015,Person
925559,Patrice Moncell,1962,2015,Person
1255652,Floyd Murphy,1935,2014,Person
353757,Camille Bob,1937,2015,Person
37392,Alan Curtis,1934,2015,Person
634295,V. Ramakrishna,1947,2015,Person
1256108,Lothar Sch�hfer,1944,2015,Person
1030795,Payo Grondona,1945,2014,Person
186836,Lemmy Kilmister,1945,2015,Person
375885,John Taylor,1942,2015,Person
282210,Else Marie Pade,1924,2016,Person
63400,Robert Broberg,1940,2015,Person
676658,Kalervo H�m�l�inen,1917,2015,Person
1258555,Squirtophobic,2008,2014,Group
1259188,Lee DuVal,1978,2014,Person
118581,Daron Norwood,1965,2015,Person
1256566,Rancore,2001,2014,Group
312435,Mitch Aliotta,1944,2015,Person
824384,Van Alexander,1915,2015,Person
406775,Ivan Moravec,1930,2015,Person
477040,Paul Freeman,1936,2015,Person
242417,Ettore Stratta,1933,2015,Person
521100,Wolfgang G�nnenwein,1933,2015,Person
234912,Theodore Bikel,1924,2015,Person
1260804,Rinto Harahap,1949,2015,Person
48381,Buddy Emmons,1937,2015,Person
589810,Tr_n L_p,1974,2016,Person
1261190,Laine Mustasaar,1939,2014,Person
1261457,Encarnaci�n Mar�n Sallago,1919,2015,Person
59979,Cilla Black,1943,2015,Person
300143,Heinz Schachtner,1920,2014,Person
35628,S.T.S.,1975,2014,Group
1262105,Roland Schneider,1937,2015,Person
1010477,Michael Rayner,1933,2015,Person
503393,Billy Sherrill,1936,2015,Person
833865,Maleem Mahmoud Ghania,1951,2015,Person
1262845,Verrys Yamarno,1996,2015,Person
1262843,Viola Beach,2015,2016,Group
1262929,Giancarlo Golzi,1952,2015,Person
1168137,Hajo Hoffmann,1958,2015,Person
741311,For All Those Sleeping,2007,2014,Group
636456,Ruck,1972,2015,Person
452953,Omega Massif,2005,2014,Group
906097,Curtis Curtis-Smith,1941,2014,Person
1264778,Komlossy Erzsebet,1933,2014,Person
605118,Milan Horvat,1919,2014,Person
1153576,Earthen Grave,2008,2014,Group
1153282,George Cole,1925,2015,Person
41226,Harold Ousley,1929,2015,Person
1055299,Serge Collot,1923,2015,Person
205725,Max Greger,1926,2015,Person
348714,Bob Johnston,1932,2015,Person
1267825,Geoffrey Holder,1930,2014,Person
1268399,Helma Sanders-Brahms,1940,2014,Person
728158,Laurent Rossi,1948,2015,Person
557950,Pierre Jansen,1930,2015,Person
987262,Russell Henderson,1924,2015,Person
168467,The Whitest Boy Alive,2003,2014,Group
450299,Mariem Hassan,1958,2015,Person
1050337,J�rg Schneider,1935,2015,Person
305619,Gottfried Engels,1949,2015,Person
1131227,Yosi Piamenta,1951,2015,Person
227870,Machetazo,1994,2014,Group
1269978,Ruth Rendell,1930,2015,Person
1246952,Love/Star Production,1988,2015,Person
1270341,Makrothumia,1994,2014,Group
1270318,A Memoria Brooded,2009,2015,Group
1270383,Masato Muhrbeck,1985,2015,Person
793142,The Cataracs,2003,2014,Group
1243855,Wes Craven,1939,2015,Person
1271493,Fritz Molden,1924,2014,Person
1271874,Natalia Strelchenko,1976,2015,Person
63896,Rico Rodriguez,1934,2015,Person
1273431,Gerallt Lloyd Owen,1944,2014,Person
524291,Max Kruse,1921,2015,Person
776394,Jean Darling,1922,2015,Person
409638,Niki Ganahl,1956,2015,Person
1017060,"Alun ""Sbardun"" Huws",1948,2014,Person
1273826,Jorge Galemire,1951,2015,Person
1273911,Rhys Jones,1927,2015,Person
341922,Gottfried John,1942,2014,Person
358074,Gilbert Kaplan,1941,2016,Person
1168221,Gerhard Hund,1943,2015,Person
1275597,Torpedo Holiday,2011,2015,Group
1275908,Mohammad Reza Lotfi,1947,2014,Person
791185,Heinz Herschmann,1924,2014,Person
490030,Martin Kearns,1977,2015,Person
839436,Priscilla Mitchell,1941,2014,Person
1277163,Dieter Cromen,1961,2015,Person
1277878,still creep,2007,2014,Group
1278191,Flesh Eaters,2014,2014,Group
1278227,Ah si si si !,2014,2015,Group
515007,Victor D�m�,1962,2015,Person
1278447,Achim H�bner,1929,2014,Person
344308,Didi Diesel,1963,2014,Person
561097,Herr von Grau,2007,2014,Group
1280189,Helllander,2010,2014,Group
1137043,When People Had Computers,2012,2015,Group
1280243,Bernd Wippich,1950,2014,Person
64828,Wilton Felder,1940,2015,Person
581702,Christopher Jackson,1948,2015,Person
976679,Hellmuth Karasek,1934,2015,Person
345558,Alexander Faris,1921,2015,Person
557228,Ellis Kaut,1920,2015,Person
289084,Olga Lisovska,1928,2015,Person
379324,Ben Cauley,1947,2015,Person
565208,Shokei,2002,2015,Group
1141145,Franciszek Walicki,1921,2015,Person
1087445,Jacek Gra_,1921,2015,Person
1280434,Animal Music,2012,2016,Group
1261528,Pupious,2013,2015,Group
331870,Stasys Povilaitis,1947,2015,Person
89780,Billy Joe Royal,1942,2015,Person
1283052,G�nter Eilemann,1923,2015,Person
203143,Michael Burgess,1945,2015,Person
53344,The Holmes Brothers,1979,2015,Group
1283634,Joaquim Leny Escudero,1932,2015,Person
430360,Leny Escudero,1932,2015,Person
399279,Ravindra Jain,1944,2015,Person
1076795,Jim Konya,1971,2015,Person
882816,James Cruickshank,1962,2015,Person
725441,Carey Lander,1982,2015,Person
352082,John Murphy,1959,2015,Person
1285371,Anne Howard,1934,2014,Person
1285558,Andrew Porter,1928,2015,Person
238565,Robbin Thompson,1949,2015,Person
353576,Celestia,1995,2015,Group
122162,Koopsta Knicca,1975,2015,Person
181975,Jimmie Van Zant,1956,2016,Person
51100,Jim Diamond,1951,2015,Person
279787,Pete Anderson,1945,2016,Person
1287197,Dolf Droge,1928,2015,Person
38307,Howard Marks,1945,2016,Person
270315,Bellowhead,2004,2016,Group
322699,Andy Fraser,1952,2015,Person
1287944,TarO&JirO,2009,2015,Group
1288173,Kuduchild,2011,2015,Group
41122,Mark Murphy,1932,2015,Person
21376,Blumentopf,1992,2016,Group
668219,Gloria van Aerssen,1932,2015,Person
1290153,Ford Prefect,2014,2015,Group
23552,Bobby Womack,1944,2014,Person
1290277,Matt Damon!,2011,2014,Group
1290406,Ruin of Remembrance,2009,2014,Group
1129820,Duncan Druce,1939,2015,Person
1290644,Tomas Lowe,1988,2016,Person
1290642,Kris Leonard,1996,2016,Person
424578,Sya Styles,1978,2015,Person
405759,D-Empress,1964,2015,Person
1291171,Haig Manoukian,1941,2014,Person
1291675,Jack Carter,1922,2015,Person
329402,Garry Shandling,1949,2016,Person
753434,Ray Appleton,1941,2015,Person
462035,Raul Rekow,1954,2015,Person
981101,Deso Dogg,1975,2015,Person
22492,B.B. King,1925,2015,Person
1293791,Orquesta Buena Vista Social Club,2004,2016,Group
132627,Nora Brockstedt,1923,2015,Person
449666,Lothar Meid,1942,2015,Person
1294467,Sandy Pussy,2014,2014,Group
345504,Steve Strange,1959,2015,Person
1151869,Mr.Deadman,2012,2015,Group
1164080,Mawangu Mingiedi,1933,2015,Person
973136,Eddie Hoh,1944,2015,Person
1295257,G13 BAND,2012,2015,Group
674654,Ernst Fuchs,1930,2015,Person
894670,The Fair Rain,2006,2015,Group
1296298,Sam Ulano,1920,2014,Person
1296637,Beatrice Rose,1922,2014,Person
1296696,Antonio Morales,1943,2014,Person
1296921,The Never Ever,2009,2015,Group
39319,T.O.K.,1996,2015,Group
585127,Saukki,1928,2014,Person
1297628,Chirality,2012,2015,Group
813527,David VanLanding,1964,2015,Person
1298426,White Psychic Circles,2010,2014,Group
198822,L.U.P.O.,1957,2014,Person
125752,Ron Hynes,1950,2015,Person
389729,Gib Guilbeau,1937,2016,Person
694953,Larry Smith,1951,2014,Person
1299149,Laver Bariu,1929,2014,Person
853700,Morbus Chron,2007,2015,Group
1299291,Mirmillon,2008,2014,Group
1299444,On Call Heroes,2008,2015,Group
454385,Jouni Kaipainen,1956,2015,Person
585146,Sauvo Puhtila,1928,2014,Person
437069,Human Factors Lab,2003,2014,Group
593049,Johanna Jacob,1939,2015,Person
665554,Korallreven,2009,2015,Group
627386,Cherri Bomb,2008,2015,Group
1301451,Barbahal,2006,2015,Group
1301725,The Jammin' Divas,2011,2015,Group
1301707,Spinosj Gag Band,1980,2015,Orchestra
1301803,Angelo Stefanato,1926,2014,Person
474051,Azian Z,2000,2015,Group
1208891,Jacques van Oortmerssen,1950,2015,Person
104369,Armand,1946,2015,Person
152767,Richard Hayman,1920,2014,Person
355890,Gottfried Tollmann,1950,2015,Person
1020456,Cornelis Vlaak,1938,2014,Person
1303698,Buddy Moreno,1912,2015,Person
1303742,Michael Brown,1920,2014,Person
49369,ORIGA,1970,2015,Person
194487,Mario Cuomo,1932,2015,Person
1218316,Jean Batigne,1933,2015,Person
1304157,Luc Brewaeys,1959,2015,Person
43491,Scott Weiland,1967,2015,Person
1304646,Berugo Car�mbula,1945,2015,Person
730879,Mr. Dream,2008,2014,Group
1305789,MAMMOTHWING,2013,2016,Group
1305917,Crazy_shampoo,2010,2014,Group
32283,Joan Sebastian,1951,2015,Person
1306050,BASH!,2014,2016,Group
1306419,EM'IN ROCK,2014,2015,Group
1306862,Green Corn Revival,2009,2015,Group
756910,Seapony,2010,2015,Group
1307242,Are You A Lion,2009,2015,Group
502048,There for Tomorrow,2003,2014,Group
884181,Rodney Milnes,1936,2015,Person
716534,M. S. Viswanathan,1928,2015,Person
671157,Stella Doufexis,1968,2015,Person
1308639,Chainsaw Disaster,2007,2015,Group
589425,Don Pfrimmer,1937,2015,Person
1308841,J. Durward Morsch,1920,2015,Person
489367,The Cool Kids,2007,2015,Group
707089,Young Prisms,2009,2014,Group
1309507,Manorama,1937,2015,Person
1309710,Ark Of Descent,2011,2014,Group
482466,Bonnie Lou,1924,2015,Person
837606,NO,2010,2014,Group
1311832,Ezra Laderman,1924,2015,Person
1312771,Leslie Bassett,1923,2016,Person
5301,Ernestine Anderson,1928,2016,Person
1313287,The Stubby Shillelaghs,2010,2015,Group
44132,Paul Bley,1932,2016,Person
456636,John Bradbury,1953,2015,Person
412930,Deleted Scenes,2005,2014,Group
1314205,Birger Gesthuisen,1952,2015,Person
90946,Zjef Vanuytsel,1945,2015,Person
1315472,Judith Kellock,1951,2015,Person
1315595,Horst Bollmann,1925,2014,Person
852457,William Jay Smith,1918,2015,Person
392608,Tommy Overstreet,1937,2015,Person
61292,Red Simpson,1934,2016,Person
1316062,Hugh Wright,1952,2015,Person
1316214,Harold Lewin,1929,2014,Person
956,David Bowie,1947,2016,Person
1130490,Guy LeBlanc,1960,2015,Person
1316619,Bernhard Nylund,1954,2015,Person
1316704,June Fairchild,1946,2015,Person
256872,Big Bank Hank,1957,2014,Person
493442,Klaus Arp,1950,2016,Person
1318075,The Lo-F(b)I,2015,2015,Group
57572,Guru Josh,1964,2015,Person
1319010,Sharon Doro,1950,2014,Person
278813,Pete Huttlinger,1961,2016,Person
132740,Clarence Reid,1939,2016,Person
2676,Glenn Frey,1948,2016,Person
1319443,Dani�le Delorme,1926,2015,Person
1319618,Vibe in Nine,2016,2016,Group
390050,Ron Kalina,1928,2016,Person
1320881,Agostino Orizio,1922,2014,Person
1320904,Ninjury,2012,2015,Group
508287,Enrico Fontanelli,1977,2015,Person
965,The Black Crowes,1989,2015,Group
1322243,Steve Blauner,1933,2015,Person
297634,Zarkus Poussa,1975,2016,Person
23046,Black,1962,2016,Person
1133053,Kathrin Lemke,1971,2016,Person
1322758,FireFlowerz,2008,2015,Group
1322980,Duane Thamm,1927,2015,Person
265154,Selim Sesler,1957,2014,Person
1323063,VIRULENT,2010,2015,Group
1223158,Xavier Eskridge,1989,2015,Person
1324228,Stillbust,2009,2015,Group
982415,Signe Toly Anderson,1941,2016,Person
1324537,"Waxines, The",2010,2014,Group
1324859,Gerbrand Westveen,1952,2015,Person
389497,Markus Poussa,1975,2016,Person
527599,Joe Harris,1926,2016,Person
1325375,White Reality,2013,2015,Group
1325921,Dead on Both Shoulders,2008,2015,Group
1326251,Devich S�ndor,1935,2016,Person
1326274,Joe Alaskey,1952,2016,Person
673259,Big Kap,1970,2016,Person
1327235,Ars�ne Muzerelle,1919,2016,Person
367119,Cool Cavemen,2004,2014,Group
462911,Sam Spence,1927,2016,Person
210808,Ray Colcord,1949,2016,Person
480706,Jim Reeves,1968,2016,Person
1328359,Vange Leonel,1963,2014,Person
105188,Jimmie Haskell,1936,2016,Person
150525,Eddy Wally,1932,2016,Person
1330871,Ireng Maulana,1944,2016,Person
165289,Vanity,1959,2016,Person
1331487,Pierre-Alain Biget,1944,2014,Person
955549,Ove Verner Hansen,1932,2016,Person
1212585,Brendan Healy,1956,2016,Person
885381,Substaat,2008,2016,Group
1331360,Justin Lowe,1982,2015,Person
644716,Rey Caney,1926,2016,Person
805680,"Alfredo Valdes, Jr.",1941,2016,Person
1334549,Constantino Mendes,1956,2014,Person
719060,Paul Gordon,1963,2016,Person
536751,Hour of 13,2006,2014,Group
762553,Andrzej Koszewski,1922,2015,Person
1332119,Peter Abraham,1936,2015,Person
1131682,We Keep The City Running,2012,2016,Group
896547,Otto-Werner Mueller,1926,2016,Person
1335880,T�ntrica,2010,2016,Group
882539,Tyrant,2010,2015,Group
168972,Josefin Nilsson,1969,2016,Person
42570,Sonny James,1928,2016,Person
1338158,Underg�ng,2002,2015,Group
1338772,Writhing,2003,2016,Group
1002855,TGT,2007,2015,Group
262654,Joey Martin,1975,2016,Person
333177,Aniceto Molina,1939,2015,Person
1339804,Idris Sardi,1938,2014,Person
634016,Hans Reffert,1946,2016,Person
1340183,Rainer Boesch,1939,2014,Person
418745,L�on Francioli,1946,2016,Person
1341191,Calling From The Reach,2012,2014,Group
929213,Marinemusikkorps Nordsee Wilhelmshaven,1956,2014,Group
112465,Keith Emerson,1944,2016,Person
